{"cameraMode":{"drawMode":0,"name":"Shaded","section":"Shading Mode"},"sceneLighting":true,"audioPlay":false,"sceneViewState":{"showFog":true,"showMaterialUpdate":false,"showSkybox":true,"showFlares":true,"showImageEffects":true,"showParticleSystems":true},"in2DMode":false,"pivot":{"x":-27.074403762817384,"y":1.684880256652832,"z":2.7350382804870607},"rotation":{"x":-0.016197431832551957,"y":0.03927317261695862,"z":-0.0006168571417219937,"w":-0.9991348385810852},"size":2.2621264457702638,"orthographic":false}