{"cameraMode":{"drawMode":0,"name":"Shaded","section":"Shading Mode"},"sceneLighting":true,"audioPlay":false,"sceneViewState":{"showFog":true,"showMaterialUpdate":false,"showSkybox":true,"showFlares":true,"showImageEffects":true,"showParticleSystems":true},"in2DMode":false,"pivot":{"x":964.8387451171875,"y":563.546630859375,"z":-101.97110748291016},"rotation":{"x":-0.004809175152331591,"y":-0.01440228708088398,"z":0.00006926355126779526,"w":-0.999885082244873},"size":233.5751953125,"orthographic":false}