{"cameraMode":{"drawMode":0,"name":"Shaded","section":"Shading Mode"},"sceneLighting":true,"audioPlay":false,"sceneViewState":{"showFog":true,"showMaterialUpdate":false,"showSkybox":true,"showFlares":true,"showImageEffects":true,"showParticleSystems":true},"in2DMode":false,"pivot":{"x":46.4251708984375,"y":27.275108337402345,"z":2.6369972229003908},"rotation":{"x":-0.07821805030107498,"y":-0.01734829880297184,"z":0.0013614308554679156,"w":-0.9967871904373169},"size":109.38716125488281,"orthographic":false}