{"cameraMode":{"drawMode":0,"name":"Shaded","section":"Shading Mode"},"sceneLighting":false,"audioPlay":false,"sceneViewState":{"showFog":true,"showMaterialUpdate":false,"showSkybox":false,"showFlares":true,"showImageEffects":true,"showParticleSystems":true},"in2DMode":false,"pivot":{"x":0.1029999852180481,"y":-0.06199997663497925,"z":0.0},"rotation":{"x":-0.02850484475493431,"y":0.01109802071005106,"z":-0.00020455426420085132,"w":-0.9995421767234802},"size":2.3334522247314455,"orthographic":false}