{"cameraMode":{"drawMode":0,"name":"Shaded","section":"Shading Mode"},"sceneLighting":true,"audioPlay":false,"sceneViewState":{"showFog":true,"showMaterialUpdate":false,"showSkybox":true,"showFlares":true,"showImageEffects":true,"showParticleSystems":true},"in2DMode":false,"pivot":{"x":969.5335083007813,"y":657.8560791015625,"z":4.674501419067383},"rotation":{"x":-0.01950794830918312,"y":0.003883318044245243,"z":-0.00015707644342910498,"w":-0.9998652338981628},"size":817.8336791992188,"orthographic":false}